URL,Last crawled
https://www.thehrstackguide.com/reflektive-vs-clearcompany-for-enterprise,2026-10-04
https://www.thehrstackguide.com/reflektive-vs-clearcompany-for-enterprise/,2026-10-04
https://www.thehrstackguide.com/greenhouse-vs-recruitee-for-scaleups,2026-10-04
https://www.thehrstackguide.com/greenhouse-vs-recruitee-for-scaleups/,2026-10-04
https://www.thehrstackguide.com/leapsome-vs-clearcompany-for-scaleups/,2026-10-03
https://www.thehrstackguide.com/performyard-vs-leapsome-for-scaleups,2026-10-03
https://www.thehrstackguide.com/performyard-vs-leapsome-for-scaleups/,2026-10-03
https://www.thehrstackguide.com/lever-vs-bamboohr-ats-for-startups,2026-10-03
https://www.thehrstackguide.com/lever-vs-bamboohr-ats-for-startups/,2026-10-03
https://www.thehrstackguide.com/tools/eor-cost-calculator/,2026-10-02
https://www.thehrstackguide.com/performyard-vs-clearcompany-for-enterprise,2026-10-01
https://www.thehrstackguide.com/performyard-vs-clearcompany-for-enterprise/,2026-10-01
https://www.thehrstackguide.com/robots.txt,2026-09-30
https://www.thehrstackguide.com/15five-vs-leapsome-for-startups,2026-09-27
https://www.thehrstackguide.com/15five-vs-leapsome-for-startups/,2026-09-27
https://www.thehrstackguide.com/performyard-vs-culture-amp-for-people-ops,2026-09-25
https://www.thehrstackguide.com/performyard-vs-culture-amp-for-people-ops/,2026-09-25
https://www.thehrstackguide.com/deel-vs-rippling-for-us-latam/,2026-09-24
https://www.thehrstackguide.com/breezy-hr-vs-bamboohr-ats-for-scaleups,2026-09-23
https://www.thehrstackguide.com/breezy-hr-vs-bamboohr-ats-for-scaleups/,2026-09-23
https://www.thehrstackguide.com/performyard-vs-clearcompany-for-scaleups,2026-09-23
https://www.thehrstackguide.com/performyard-vs-clearcompany-for-scaleups/,2026-09-23
https://www.thehrstackguide.com/privacy-policy,2026-09-22
https://www.thehrstackguide.com/deel-vs-oyster-for-tech-startups,2026-09-22
https://www.thehrstackguide.com/deel-vs-oyster-for-tech-startups/,2026-09-22
https://www.thehrstackguide.com/leapsome-vs-culture-amp-for-enterprise,2026-09-22
https://www.thehrstackguide.com/leapsome-vs-culture-amp-for-enterprise/,2026-09-22
https://www.thehrstackguide.com/leapsome-vs-culture-amp-for-scaleups,2026-09-17
https://www.thehrstackguide.com/leapsome-vs-culture-amp-for-scaleups/,2026-09-17
https://www.thehrstackguide.com/ashby-vs-bamboohr-ats-for-startups/,2026-09-17
https://www.thehrstackguide.com/leapsome-vs-culture-amp-for-people-ops,2026-09-17
https://www.thehrstackguide.com/leapsome-vs-culture-amp-for-people-ops/,2026-09-17
https://www.thehrstackguide.com/performyard-vs-leapsome-for-enterprise/,2026-09-16
https://www.thehrstackguide.com/breezy-hr-vs-jazzhr-for-startups/,2026-09-14
https://www.thehrstackguide.com/15five-vs-peoplefluent/,2026-09-14
https://www.thehrstackguide.com/leapsome-vs-lattice-for-scaleups,2026-09-14
https://www.thehrstackguide.com/leapsome-vs-lattice-for-scaleups/,2026-09-14
https://www.thehrstackguide.com/jazzhr-vs-recruitee-for-startups,2026-09-12
https://www.thehrstackguide.com/jazzhr-vs-recruitee-for-startups/,2026-09-12
https://www.thehrstackguide.com/greenhouse-vs-workable-for-startups,2026-09-11
https://www.thehrstackguide.com/greenhouse-vs-workable-for-startups/,2026-09-11
https://www.thehrstackguide.com/performyard-vs-leapsome-for-people-ops,2026-09-11
https://www.thehrstackguide.com/performyard-vs-leapsome-for-people-ops/,2026-09-11
https://www.thehrstackguide.com/greenhouse-vs-breezy-hr-for-scaleups,2026-09-11
https://www.thehrstackguide.com/greenhouse-vs-breezy-hr-for-scaleups/,2026-09-11
https://www.thehrstackguide.com/affiliate-disclosure,2026-09-11
https://www.thehrstackguide.com/greenhouse-vs-jazzhr-for-scaleups,2026-09-11
https://www.thehrstackguide.com/greenhouse-vs-jazzhr-for-scaleups/,2026-09-11
https://www.thehrstackguide.com/lever-vs-breezy-hr-for-scaleups,2026-09-11
https://www.thehrstackguide.com/lever-vs-breezy-hr-for-scaleups/,2026-09-11
https://www.thehrstackguide.com/ashby-vs-lever-for-scaleups,2026-09-11
https://www.thehrstackguide.com/ashby-vs-lever-for-scaleups/,2026-09-11
https://www.thehrstackguide.com/leapsome-vs-lattice-for-enterprise,2026-09-11
https://www.thehrstackguide.com/leapsome-vs-lattice-for-enterprise/,2026-09-11
https://www.thehrstackguide.com/lever-vs-jazzhr-for-scaleups,2026-09-10
https://www.thehrstackguide.com/lever-vs-jazzhr-for-scaleups/,2026-09-10
https://www.thehrstackguide.com/lever-vs-recruitee-for-scaleups/,2026-09-10
https://www.thehrstackguide.com/greenhouse-vs-jazzhr-for-startups,2026-09-10
https://www.thehrstackguide.com/greenhouse-vs-jazzhr-for-startups/,2026-09-10
https://www.thehrstackguide.com/ashby-vs-bamboohr-ats-for-scaleups,2026-09-10
https://www.thehrstackguide.com/ashby-vs-bamboohr-ats-for-scaleups/,2026-09-10
https://www.thehrstackguide.com/performyard-vs-clearcompany-for-startups/,2026-09-09
https://www.thehrstackguide.com/deel-vs-rippling-for-startups/,2026-09-09
https://www.thehrstackguide.com/rippling-vs-plane-for-startups/,2026-09-09
https://www.thehrstackguide.com/greenhouse-vs-bamboohr-ats-for-remote-teams,2026-09-08
https://www.thehrstackguide.com/greenhouse-vs-bamboohr-ats-for-remote-teams/,2026-09-08
https://www.thehrstackguide.com/recruitee-vs-bamboohr-ats-for-startups,2026-09-07
https://www.thehrstackguide.com/recruitee-vs-bamboohr-ats-for-startups/,2026-09-07
https://www.thehrstackguide.com/greenhouse-vs-workable-for-scaleups,2026-09-07
https://www.thehrstackguide.com/greenhouse-vs-workable-for-scaleups/,2026-09-07
https://www.thehrstackguide.com/ashby-vs-breezy-hr-for-scaleups/,2026-09-07
https://www.thehrstackguide.com/greenhouse-vs-lever-for-scaleups,2026-09-06
https://www.thehrstackguide.com/greenhouse-vs-lever-for-scaleups/,2026-09-06
https://www.thehrstackguide.com/lever-vs-breezy-hr-for-startups,2026-09-06
https://www.thehrstackguide.com/lever-vs-breezy-hr-for-startups/,2026-09-06
https://www.thehrstackguide.com/gusto-vs-papaya-for-us-latam/,2026-08-27
https://www.thehrstackguide.com/rippling-vs-oyster-for-web3-crypto/,2026-08-27
https://www.thehrstackguide.com/gusto-vs-multiplier-for-web3-crypto,2026-08-27
https://www.thehrstackguide.com/deel-vs-plane-for-web3-crypto/,2026-08-26
https://www.thehrstackguide.com/oyster-vs-gusto-for-agencies/,2026-08-26
https://www.thehrstackguide.com/15five-vs-lattice-for-scaleups,2026-08-26
https://www.thehrstackguide.com/ashby-vs-greenhouse-for-scaleups,2026-08-26
https://www.thehrstackguide.com/greenhouse-vs-lever-for-enterprise,2026-08-26
https://www.thehrstackguide.com/remote-vs-multiplier-for-agencies/,2026-08-26
https://www.thehrstackguide.com/gusto-vs-multiplier-for-scaleups/,2026-08-26
https://www.thehrstackguide.com/papaya-vs-plane-for-us-latam/,2026-08-26
https://www.thehrstackguide.com/remote-vs-gusto-for-agencies/,2026-08-25
https://www.thehrstackguide.com/rippling-vs-gusto-for-scaleups,2026-08-25
https://www.thehrstackguide.com/ashby-vs-recruitee-for-enterprise/,2026-08-25
https://www.thehrstackguide.com/papaya-vs-plane-for-web3-crypto/,2026-08-25
https://www.thehrstackguide.com/deel-vs-gusto-for-web3-crypto/,2026-08-24
https://www.thehrstackguide.com/oyster-vs-papaya-for-web3-crypto/,2026-08-23
https://www.thehrstackguide.com/rippling-vs-multiplier-for-us-latam,2026-08-23
https://www.thehrstackguide.com/rippling-vs-multiplier-for-agencies,2026-08-23
https://www.thehrstackguide.com/rippling-vs-remote-for-us-latam,2026-08-23
https://www.thehrstackguide.com/oyster-vs-multiplier-for-web3-crypto/,2026-08-22
https://www.thehrstackguide.com/multiplier-vs-plane-for-web3-crypto/,2026-08-22
https://www.thehrstackguide.com/gusto-vs-multiplier-for-tech-startups/,2026-08-22
https://www.thehrstackguide.com/oyster-vs-papaya-for-agencies/,2026-08-22
https://www.thehrstackguide.com/rippling-vs-remote-for-agencies,2026-08-22
https://www.thehrstackguide.com/deel-vs-gusto-for-scaleups,2026-08-22
https://www.thehrstackguide.com/rippling-vs-papaya-for-us-latam,2026-08-21
https://www.thehrstackguide.com/oyster-vs-plane-for-web3-crypto/,2026-08-20
https://www.thehrstackguide.com/deel-vs-oyster-for-agencies,2026-08-19
https://www.thehrstackguide.com/deel-vs-rippling-for-agencies,2026-08-19
https://www.thehrstackguide.com/rippling-vs-plane-for-us-latam/,2026-08-19
https://www.thehrstackguide.com/deel-vs-multiplier-for-agencies/,2026-08-19
https://www.thehrstackguide.com/lever-vs-recruitee-for-remote-teams/,2026-08-19
https://www.thehrstackguide.com/oyster-vs-multiplier-for-agencies/,2026-08-18
https://www.thehrstackguide.com/rippling-vs-remote-for-tech-startups,2026-08-17
https://www.thehrstackguide.com/greenhouse-vs-recruitee-for-startups,2026-08-17
https://www.thehrstackguide.com/ashby-vs-greenhouse-for-startups,2026-08-17
https://www.thehrstackguide.com/lever-vs-bamboohr-ats-for-remote-teams,2026-08-14
https://www.thehrstackguide.com/workable-vs-bamboohr-ats-for-enterprise,2026-08-14
https://www.thehrstackguide.com/deel-vs-remote-for-web3-crypto,2026-08-10
https://www.thehrstackguide.com/multiplier-vs-plane-for-scaleups,2026-08-09
https://www.thehrstackguide.com/culture-amp-vs-clearcompany-for-remote-teams,2026-08-08
https://www.thehrstackguide.com/performyard-vs-leapsome-for-remote-teams,2026-08-08
https://www.thehrstackguide.com/leapsome-vs-clearcompany-for-remote-teams,2026-08-08
https://www.thehrstackguide.com/workable-vs-jazzhr-for-remote-teams,2026-08-08
https://www.thehrstackguide.com/performyard-vs-culture-amp-for-enterprise,2026-08-08
https://www.thehrstackguide.com/performyard-vs-culture-amp-for-remote-teams,2026-08-08
https://www.thehrstackguide.com/leapsome-vs-lattice-for-startups,2026-08-07
https://www.thehrstackguide.com/15five-vs-clearcompany-for-scaleups,2026-08-07
https://www.thehrstackguide.com/lattice-vs-clearcompany-for-remote-teams,2026-08-07
https://www.thehrstackguide.com/performyard-vs-culture-amp-for-startups,2026-08-07
https://www.thehrstackguide.com/leapsome-vs-clearcompany-for-startups,2026-08-07
https://www.thehrstackguide.com/lattice-vs-culture-amp-for-startups,2026-08-07
https://www.thehrstackguide.com/15five-vs-clearcompany-for-enterprise,2026-08-07
https://www.thehrstackguide.com/performyard-vs-clearcompany-for-startups,2026-08-07
https://www.thehrstackguide.com/15five-vs-clearcompany-for-people-ops,2026-08-07
https://www.thehrstackguide.com/15five-vs-performyard-for-enterprise,2026-08-07
https://www.thehrstackguide.com/performyard-vs-lattice-for-startups,2026-08-07
https://www.thehrstackguide.com/leapsome-vs-culture-amp-for-startups,2026-08-07
https://www.thehrstackguide.com/leapsome-vs-reflektive-for-startups,2026-08-07
https://www.thehrstackguide.com/lattice-vs-clearcompany-for-startups,2026-08-07
https://www.thehrstackguide.com/reflektive-vs-clearcompany-for-scaleups,2026-08-07
https://www.thehrstackguide.com/performyard-vs-reflektive-for-startups,2026-08-07
https://www.thehrstackguide.com/culture-amp-vs-reflektive-for-startups,2026-08-07
https://www.thehrstackguide.com/15five-vs-culture-amp-for-enterprise,2026-08-07
https://www.thehrstackguide.com/performyard-vs-leapsome-for-startups,2026-08-07
https://www.thehrstackguide.com/recruitee-vs-bamboohr-ats-for-agencies,2026-08-07
https://www.thehrstackguide.com/greenhouse-vs-bamboohr-ats-for-enterprise,2026-08-07
https://www.thehrstackguide.com/workable-vs-breezy-hr-for-agencies,2026-08-07
https://www.thehrstackguide.com/lever-vs-workable-for-scaleups,2026-08-07
https://www.thehrstackguide.com/multiplier-vs-plane-for-tech-startups,2026-08-07
https://www.thehrstackguide.com/workable-vs-recruitee-for-scaleups,2026-08-07
https://www.thehrstackguide.com/lever-vs-jazzhr-for-startups,2026-08-07
https://www.thehrstackguide.com/workable-vs-jazzhr-for-scaleups,2026-08-07
https://www.thehrstackguide.com/workable-vs-jazzhr-for-startups,2026-08-07
https://www.thehrstackguide.com/greenhouse-vs-workable-for-agencies,2026-08-07
https://www.thehrstackguide.com/oyster-vs-gusto-for-tech-startups,2026-08-07
https://www.thehrstackguide.com/greenhouse-vs-bamboohr-ats-for-startups,2026-08-07
https://www.thehrstackguide.com/greenhouse-vs-jazzhr-for-enterprise,2026-08-06
https://www.thehrstackguide.com/breezy-hr-vs-recruitee-for-remote-teams,2026-08-06
https://www.thehrstackguide.com/breezy-hr-vs-jazzhr-for-remote-teams,2026-08-06
https://www.thehrstackguide.com/lever-vs-jazzhr-for-enterprise/,2026-08-06
https://www.thehrstackguide.com/lever-vs-recruitee-for-startups/,2026-08-06
https://www.thehrstackguide.com/lever-vs-workable-for-enterprise/,2026-08-06
https://www.thehrstackguide.com/lever-vs-breezy-hr-for-remote-teams/,2026-08-06
https://www.thehrstackguide.com/jazzhr-vs-bamboohr-ats-for-enterprise/,2026-08-06
https://www.thehrstackguide.com/workable-vs-jazzhr-for-agencies/,2026-08-06
https://www.thehrstackguide.com/greenhouse-vs-recruitee-for-agencies/,2026-08-06
https://www.thehrstackguide.com/papaya-vs-plane-for-agencies,2026-08-06
https://www.thehrstackguide.com/15five-vs-culture-amp-for-startups,2026-08-06
https://www.thehrstackguide.com/15five-vs-performyard-for-startups,2026-08-05
https://www.thehrstackguide.com/lattice-vs-culture-amp-for-people-ops,2026-08-05
https://www.thehrstackguide.com/lever-vs-bamboohr-ats-for-scaleups,2026-08-05
https://www.thehrstackguide.com/ashby-vs-recruitee-for-remote-teams,2026-08-05
https://www.thehrstackguide.com/ashby-vs-breezy-hr-for-enterprise,2026-08-05
https://www.thehrstackguide.com/workable-vs-recruitee-for-agencies,2026-08-05
https://www.thehrstackguide.com/ashby-vs-jazzhr-for-enterprise,2026-08-05
https://www.thehrstackguide.com/greenhouse-vs-recruitee-for-remote-teams,2026-08-05
https://www.thehrstackguide.com/ashby-vs-recruitee-for-scaleups,2026-08-05
https://www.thehrstackguide.com/ashby-vs-greenhouse-for-enterprise,2026-08-05
https://www.thehrstackguide.com/ashby-vs-bamboohr-ats-for-remote-teams,2026-08-05
https://www.thehrstackguide.com/ashby-vs-lever-for-enterprise,2026-08-05
https://www.thehrstackguide.com/gusto-vs-plane-for-us-latam,2026-08-05
https://www.thehrstackguide.com/ashby-vs-breezy-hr-for-startups,2026-08-05
https://www.thehrstackguide.com/ashby-vs-workable-for-enterprise,2026-08-04
https://www.thehrstackguide.com/greenhouse-vs-breezy-hr-for-enterprise,2026-08-04
https://www.thehrstackguide.com/ashby-vs-recruitee-for-agencies,2026-08-04
https://www.thehrstackguide.com/ashby-vs-recruitee-for-startups,2026-08-04
https://www.thehrstackguide.com/lever-vs-recruitee-for-agencies,2026-08-04
https://www.thehrstackguide.com/ashby-vs-bamboohr-ats-for-enterprise,2026-08-04
https://www.thehrstackguide.com/breezy-hr-vs-bamboohr-ats-for-startups,2026-08-04
https://www.thehrstackguide.com/breezy-hr-vs-bamboohr-ats-for-enterprise,2026-08-04
https://www.thehrstackguide.com/breezy-hr-vs-jazzhr-for-agencies,2026-08-04
https://www.thehrstackguide.com/jazzhr-vs-bamboohr-ats-for-scaleups,2026-08-04
https://www.thehrstackguide.com/breezy-hr-vs-bamboohr-ats-for-agencies,2026-08-04
https://www.thehrstackguide.com/workable-vs-recruitee-for-enterprise,2026-08-04
https://www.thehrstackguide.com/lever-vs-workable-for-agencies,2026-08-04
https://www.thehrstackguide.com/jazzhr-vs-bamboohr-ats-for-startups,2026-08-04
https://www.thehrstackguide.com/workable-vs-bamboohr-ats-for-agencies,2026-08-04
https://www.thehrstackguide.com/breezy-hr-vs-jazzhr-for-scaleups,2026-08-04
https://www.thehrstackguide.com/workable-vs-breezy-hr-for-scaleups,2026-08-04
https://www.thehrstackguide.com/workable-vs-bamboohr-ats-for-startups,2026-08-04
https://www.thehrstackguide.com/jazzhr-vs-recruitee-for-scaleups,2026-08-04
https://www.thehrstackguide.com/breezy-hr-vs-recruitee-for-scaleups,2026-08-04
https://www.thehrstackguide.com/ashby-vs-jazzhr-for-scaleups,2026-08-04
https://www.thehrstackguide.com/workable-vs-bamboohr-ats-for-scaleups,2026-08-04
https://www.thehrstackguide.com/breezy-hr-vs-recruitee-for-startups,2026-08-04
https://www.thehrstackguide.com/lever-vs-breezy-hr-for-agencies,2026-08-04
https://www.thehrstackguide.com/jazzhr-vs-recruitee-for-agencies,2026-08-04
https://www.thehrstackguide.com/lever-vs-recruitee-for-enterprise,2026-08-04
https://www.thehrstackguide.com/lever-vs-breezy-hr-for-enterprise,2026-08-04
https://www.thehrstackguide.com/greenhouse-vs-recruitee-for-enterprise,2026-08-04
https://www.thehrstackguide.com/oyster-vs-plane-for-scaleups,2026-08-04
https://www.thehrstackguide.com/remote-vs-papaya-for-us-latam,2026-08-04
https://www.thehrstackguide.com/ashby-vs-workable-for-scaleups,2026-08-04
https://www.thehrstackguide.com/papaya-vs-plane-for-tech-startups,2026-08-04
https://www.thehrstackguide.com/papaya-vs-plane-for-scaleups,2026-08-04
https://www.thehrstackguide.com/rippling-vs-multiplier-for-scaleups,2026-08-04
https://www.thehrstackguide.com/papaya-vs-multiplier-for-us-latam,2026-08-04
https://www.thehrstackguide.com/ashby-vs-workable-for-agencies,2026-08-04
https://www.thehrstackguide.com/rippling-vs-oyster-for-scaleups,2026-08-04
https://www.thehrstackguide.com/multiplier-vs-plane-for-us-latam,2026-08-04
https://www.thehrstackguide.com/ashby-vs-jazzhr-for-agencies,2026-08-04
https://www.thehrstackguide.com/papaya-vs-multiplier-for-agencies,2026-08-04
https://www.thehrstackguide.com/rippling-vs-plane-for-tech-startups,2026-08-04
https://www.thehrstackguide.com/about,2026-08-04
https://www.thehrstackguide.com/ashby-vs-greenhouse-for-agencies,2026-08-04
https://www.thehrstackguide.com/greenhouse-vs-jazzhr-for-agencies,2026-08-04
https://www.thehrstackguide.com/workable-vs-breezy-hr-for-startups,2026-08-04
https://www.thehrstackguide.com/ashby-vs-breezy-hr-for-agencies,2026-08-04
https://www.thehrstackguide.com/lever-vs-jazzhr-for-agencies,2026-08-04
https://www.thehrstackguide.com/greenhouse-vs-bamboohr-ats-for-agencies,2026-08-04
https://www.thehrstackguide.com/ashby-vs-lever-for-agencies,2026-08-04
https://www.thehrstackguide.com/rippling-vs-plane-for-web3-crypto,2026-08-04
https://www.thehrstackguide.com/lever-vs-bamboohr-ats-for-agencies,2026-08-04
https://www.thehrstackguide.com/multiplier-vs-plane-for-agencies,2026-08-04
https://www.thehrstackguide.com/rippling-vs-plane-for-agencies,2026-08-04
https://www.thehrstackguide.com/lever-vs-bamboohr-ats-for-enterprise,2026-08-04
https://www.thehrstackguide.com/greenhouse-vs-lever-for-agencies,2026-08-04
https://www.thehrstackguide.com/ashby-vs-jazzhr-for-startups,2026-08-04
https://www.thehrstackguide.com/greenhouse-vs-breezy-hr-for-agencies,2026-08-04
https://www.thehrstackguide.com/breezy-hr-vs-recruitee-for-agencies,2026-08-04
https://www.thehrstackguide.com/deel-vs-gusto-for-us-latam,2026-08-04
https://www.thehrstackguide.com/remote-vs-oyster-for-agencies,2026-08-03
https://www.thehrstackguide.com/deel-vs-rippling-for-tech-startups,2026-08-03
https://www.thehrstackguide.com/gusto-vs-multiplier-for-us-latam,2026-08-03
https://www.thehrstackguide.com/deel-vs-remote-for-us-latam,2026-08-03
https://www.thehrstackguide.com/deel-vs-gusto-for-agencies,2026-08-03
https://www.thehrstackguide.com/oyster-vs-papaya-for-tech-startups/,2026-08-03
https://www.thehrstackguide.com/deel-vs-papaya-for-tech-startups,2026-08-03
https://www.thehrstackguide.com/rippling-vs-oyster-for-tech-startups,2026-08-01
https://www.thehrstackguide.com/deel-vs-plane-for-scaleups,2026-07-31
https://www.thehrstackguide.com/remote-vs-oyster-for-us-latam/,2026-07-31
https://www.thehrstackguide.com/rippling-vs-papaya-for-web3-crypto/,2026-07-31
https://www.thehrstackguide.com/oyster-vs-papaya-for-us-latam/,2026-07-31
https://www.thehrstackguide.com/deel-vs-plane-for-scaleups/,2026-07-31
https://www.thehrstackguide.com/deel-vs-papaya-for-scaleups,2026-07-31
https://www.thehrstackguide.com/terms,2026-07-31
https://www.thehrstackguide.com/deel-vs-papaya-for-web3-crypto/,2026-07-31
https://www.thehrstackguide.com/remote-vs-papaya-for-tech-startups/,2026-07-31
https://www.thehrstackguide.com/oyster-vs-plane-for-us-latam/,2026-07-31
https://www.thehrstackguide.com/rippling-vs-gusto-for-web3-crypto/,2026-07-31
https://www.thehrstackguide.com/deel-vs-remote-for-tech-startups,2026-07-31
https://www.thehrstackguide.com/rippling-vs-gusto-for-us-latam,2026-07-31
https://www.thehrstackguide.com/deel-vs-rippling-for-scaleups,2026-07-31
https://www.thehrstackguide.com/deel-vs-plane-for-web3-crypto,2026-07-30
https://www.thehrstackguide.com/rippling-vs-gusto-for-tech-startups,2026-07-30
https://www.thehrstackguide.com/deel-vs-plane-for-tech-startups,2026-07-30
https://www.thehrstackguide.com/deel-vs-oyster-for-us-latam,2026-07-30
https://www.thehrstackguide.com/rippling-vs-papaya-for-scaleups/,2026-07-30
https://www.thehrstackguide.com/rippling-vs-multiplier-for-web3-crypto/,2026-07-30
https://www.thehrstackguide.com/rippling-vs-gusto-for-us-latam/,2026-07-30
https://www.thehrstackguide.com/deel-vs-multiplier-for-tech-startups,2026-07-30
https://www.thehrstackguide.com/deel-vs-oyster-for-scaleups,2026-07-30
https://www.thehrstackguide.com/oyster-vs-plane-for-agencies/,2026-07-30
https://www.thehrstackguide.com/deel-vs-papaya-for-agencies/,2026-07-30
https://www.thehrstackguide.com/deel-vs-multiplier-for-us-latam/,2026-07-30
https://www.thehrstackguide.com/deel-vs-plane-for-agencies/,2026-07-30
https://www.thehrstackguide.com/rippling-vs-gusto-for-agencies/,2026-07-30
https://www.thehrstackguide.com/deel-vs-multiplier-for-web3-crypto,2026-07-30
https://www.thehrstackguide.com/deel-vs-multiplier-for-us-latam,2026-07-30
https://www.thehrstackguide.com/deel-vs-rippling-for-us-latam,2026-07-30
https://www.thehrstackguide.com/rippling-vs-multiplier-for-tech-startups/,2026-07-29